fips,slope.unavailable.best.cv,water.unavailable.best.cv,wetlands.unavailable.best.cv
01001,9.08951867128133,1.88017498235436,7.49352678039799
01003,0.875431358325581,16.5228239664568,21.5637218204303
01043,23.7361020652668,2.78639881847088,2.37742009363603
01047,11.0929621381098,1.92563449638743,10.5113863287245
01049,26.1996285375174,2.29066199757995,1.39532634860018
01081,10.7748878825131,2.38070050865443,5.06347253559829
01097,0.844320541996817,16.1946225753834,21.4778775348115
01101,9.08951867128133,1.88017498235436,7.49352678039799
01121,25.4304791796105,2.32932477234623,1.46093931333004
01125,18.7083975305594,2.06237510759928,9.17793379238918
01127,24.797404910336,1.71460135775661,3.9967459881728
04011,68.6536986311419,0.0123765053300793,0.186512806767578
05001,1.17478234065886,2.5211518947667,16.9994145614636
05003,0.810271788781824,1.51903064472061,16.4688887273066
05005,35.0702207612426,1.69605711402944,0.213023159354198
05007,38.983708652922,1.17423932243838,0.394452698197302
05009,43.8036836247336,2.00180000325585,0.303751265940765
05015,32.0438267649125,2.50369134862754,0.656624127190011
05019,11.8130718754422,2.00637222983305,9.15810208585386
05021,4.25107769500147,2.24959013147979,6.73328792151871
05023,10.2073316892093,3.30422406698609,9.93826614526481
05027,1.09512783663363,2.24266865334524,12.9220786776764
05029,33.953806107516,2.31144356692244,1.41477816676957
05031,3.87391893416022,2.24868522892185,8.09853127112379
05033,27.8589758778245,2.07238461242596,0.934929982928006
05035,2.61262438920619,3.10793106669139,10.4903270772221
05037,1.09324365558314,3.22906682916096,14.0104326404885
05041,1.7277978359407,4.67993699705609,17.5333927869448
05043,2.80586545118841,2.76665028998534,18.5192207038396
05045,10.0249014222383,2.98112492398727,9.35740132392536
05051,17.4501392624038,2.37270052827207,6.96459382240237
05055,4.25107769500147,2.24959013147979,6.73328792151871
05059,11.811976397472,2.37930016338284,9.37461111096144
05061,2.78154039782812,2.70857286455089,9.17770129593052
05063,15.5979861465917,1.71114650573295,4.75564923510043
05069,1.17478234065886,2.5211518947667,16.9994145614636
05075,3.87391893416022,2.24868522892185,8.09853127112379
05085,10.2073316892093,3.30422406698609,9.93826614526481
05087,57.6419135745056,1.19366395265267,0.258065550759996
05091,2.78154039782812,2.70857286455089,9.17770129593052
05093,1.18194595852649,2.67719837950485,9.31806206884376
05097,11.811976397472,2.37930016338284,9.37461111096144
05105,10.2073316892093,3.30422406698609,9.93826614526481
05111,3.87391893416022,2.24868522892185,8.09853127112379
05113,33.953806107516,2.31144356692244,1.41477816676957
05115,33.953806107516,2.31144356692244,1.41477816676957
05119,10.2073316892093,3.30422406698609,9.93826614526481
05123,1.09324365558314,3.22906682916096,14.0104326404885
05125,10.2073316892093,3.30422406698609,9.93826614526481
05127,33.953806107516,2.31144356692244,1.41477816676957
05129,33.953806107516,2.31144356692244,1.41477816676957
05131,27.8589758778245,2.07238461242596,0.934929982928006
05135,15.5979861465917,1.71114650573295,4.75564923510043
05141,33.953806107516,2.31144356692244,1.41477816676957
05143,38.983708652922,1.17423932243838,0.394452698197302
05145,10.9311229686358,2.64190386933039,8.88837681869706
06041,42.4005859532429,36.9266569909297,2.61068669619739
06075,51.3120534594102,5.8192649139789,2.40707732930848
06081,51.3120534594102,5.8192649139789,2.40707732930848
08001,29.2191457613248,0.903447163627141,2.17021237934217
08003,41.6883300448901,0.242758794155928,1.16443168802327
08005,29.2191457613248,0.903447163627141,2.17021237934217
08013,41.1145367749219,1.04284444126502,2.602913747362
08031,29.2191457613248,0.903447163627141,2.17021237934217
08035,29.2191457613248,0.903447163627141,2.17021237934217
08037,68.8210473360769,0.557326928703786,2.89094231176047
08039,29.2191457613248,0.903447163627141,2.17021237934217
08045,67.0302901651622,0.201126401920529,1.1430627226416
08049,29.2191457613248,0.903447163627141,2.17021237934217
08051,54.724017828488,0.3958926119123,0.876284767896962
08059,56.7461848262491,0.935529332647535,2.02334673301337
08069,25.7810928603509,0.913894857796255,2.5008029292602
08071,22.3909130131658,0.265716567027134,1.15825206987133
08075,0.131826908614756,1.37208842835503,5.30065201642116
08077,53.4309846789952,0.215084945154414,0.928884940832366
08081,45.2568767609876,0.257845168168129,1.32564487659802
08083,28.1698129497958,0.419959963824425,0.690944312342357
08085,55.7621646674821,0.370572463157621,1.07242743787444
08093,53.4586002446038,0.511796424665689,3.40010775733171
08097,65.9914959916002,0.349400602184232,1.50055648701451
08099,0.237115662908817,0.263199618652462,0.35040260229799
08101,22.3909130131658,0.265716567027134,1.15825206987133
08105,39.8176605811562,0.306836233203906,0.828533494024592
08107,51.7461778284902,0.470234129988616,2.48274070870651
08113,57.3111075956945,0.343105435942493,1.24755008623421
08119,25.5353158797022,0.322008014833142,1.42471464822633
08123,20.1615941739197,0.960581031192222,1.77128130492989
09001,9.42295296803165,42.0510235309741,3.77184722174896
09003,17.058987132319,14.5307257473622,8.07627449354021
09005,22.1156623969289,10.7013797806514,7.31906365384442
09007,17.058987132319,14.5307257473622,8.07627449354021
09009,12.4777513751057,23.0923121113352,6.2378858338489
09013,17.058987132319,14.5307257473622,8.07627449354021
10003,6.45538087128277,8.94938332406942,13.2756590914509
10005,0.023754356123877,24.9401831887718,27.1428177816994
11001,9.60751724086367,13.9813092522841,6.40988837828372
12001,0.0799114815309756,6.36669685110268,22.3214524458696
12005,0.423778892536295,13.4038525981771,33.4761654435062
12007,0.0799114815309756,6.36669685110268,22.3214524458696
12009,0.00735677417530699,27.1060876875084,39.0970604483431
12011,0.0109191851936021,14.4375022218127,60.2361305771707
12015,0.0135953763073693,28.016192523521,37.5878723582456
12017,0.206361790355047,18.7243677887682,30.1026978634962
12019,0.0344116927407129,9.69138200215846,31.790389411532
12021,0.00332996437221926,15.1853516888582,49.5106273388752
12027,0.0778122489226007,13.1191521326826,28.6335974132024
12029,0.000153368164265893,16.4061079693265,38.1759015158172
12031,0.0344116927407129,9.69138200215846,31.790389411532
12033,0.14044878176456,34.4031524817409,17.6641451781189
12035,0.0405622018922512,13.3196335604621,30.4627740049369
12037,0.00115995995636276,34.6890193349012,49.8298131910955
12041,0.0799114815309756,6.36669685110268,22.3214524458696
12043,0.00706294472579623,12.3487688530058,36.5046008855854
12045,0.00533245159940101,21.0210957958703,52.8601468785608
12049,0.0840699753929729,10.5304654734518,29.4963912589596
12053,0.158149444007271,14.4345808544398,27.1600688606698
12057,0.158149444007271,14.4345808544398,27.1600688606698
12061,0.00323401944377917,16.8757560799835,31.9722469100266
12069,0.0545853607831122,10.4617932861674,35.5908429105238
12071,0.0125954540623365,32.8802921039301,34.5440054056421
12073,0.432281297041557,5.7798587041013,30.1314599279496
12075,0.0799114815309756,6.36669685110268,22.3214524458696
12085,0.00583140043669171,15.6461590838053,28.1914091280981
12086,0.0109191851936021,14.4375022218127,60.2361305771707
12089,0.0344116927407129,9.69138200215846,31.790389411532
12093,0.00764684590693282,11.4257566408586,28.8658324543729
12095,0.0545853607831122,10.4617932861674,35.5908429105238
12097,0.0545853607831122,10.4617932861674,35.5908429105238
12099,0.0109191851936021,14.4375022218127,60.2361305771707
12101,0.158149444007271,14.4345808544398,27.1600688606698
12103,0.158149444007271,14.4345808544398,27.1600688606698
12109,0.0344116927407129,9.69138200215846,31.790389411532
12111,0.00502230315829759,19.5290183440777,28.1238025945041
12113,0.14044878176456,34.4031524817409,17.6641451781189
12117,0.0545853607831122,10.4617932861674,35.5908429105238
12119,0.11180072102085,8.47881596457203,25.71733281947
12127,0.0405622018922512,13.3196335604621,30.4627740049369
12129,0.0136012796509559,15.1318196203252,41.9319042363345
13001,0.0903033287591052,0.500899162839035,28.6055208801824
13005,0.0247559594281146,0.534105228100203,26.0810273088306
13011,12.2718417123186,3.23698964720476,2.76036039031202
13013,13.7146986682236,1.84141954255288,2.82035481226701
13015,13.7146986682236,1.84141954255288,2.82035481226701
13017,0.113042435640715,0.652244667457395,20.0923228216017
13019,0.0544175775080533,0.568460161418668,27.6666121643334
13021,4.1558836662692,2.12270025193358,15.5384391579291
13023,0.919142408656185,0.493876972735897,19.3329657874312
13027,0.0544175775080533,0.568460161418668,27.6666121643334
13029,0.0411384711323313,3.09063145410849,41.4082984207721
13035,13.7146986682236,1.84141954255288,2.82035481226701
13039,0.0193173416583793,10.5186194738085,37.5774981982307
13043,0.0379440312544466,0.73084589546601,28.0324910796267
13045,13.7146986682236,1.84141954255288,2.82035481226701
13047,33.2032619104168,1.94988064294888,0.927150211042297
13049,0.0331281116733075,11.209321478449,26.3637779474204
13051,0.0453574058312642,11.9639969645526,37.9138718299462
13055,29.6005937627965,2.23964412221244,1.0505951965544
13057,29.5566813621271,2.44302512121995,0.805347278702923
13059,12.2718417123186,3.23698964720476,2.76036039031202
13063,13.7146986682236,1.84141954255288,2.82035481226701
13067,13.7146986682236,1.84141954255288,2.82035481226701
13069,0.0354459133949398,0.549919937987587,28.6695232325719
13071,0.0917100032449673,0.687516556878838,20.3562273654587
13073,1.70349654294137,1.90473829384277,14.6286869064379
13075,0.0509047885808386,0.550958257807709,28.3928607663838
13077,13.7146986682236,1.84141954255288,2.82035481226701
13081,1.21005802927144,0.666840426325265,14.0348632112722
13083,33.2032619104168,1.94988064294888,0.927150211042297
13085,47.2186317999548,2.18629567175972,0.501711981448236
13087,0.817814758796822,1.42405197524456,20.7315126345215
13089,13.7146986682236,1.84141954255288,2.82035481226701
13091,1.5733087562473,0.907610353295516,16.9074388481134
13093,1.21005802927144,0.666840426325265,14.0348632112722
13095,1.65316925498482,1.0784189276577,12.8432084315879
13097,13.7146986682236,1.84141954255288,2.82035481226701
13099,2.35282777155265,1.5845413391626,11.2322838844342
13103,0.0453574058312642,11.9639969645526,37.9138718299462
13105,1.70349654294137,1.90473829384277,14.6286869064379
13107,0.0439968492578919,0.438273509746009,22.9088844452892
13109,0.0556179278185017,0.517536531236706,28.7352580891511
13111,69.2462205455928,1.03805346363758,0.140600085209721
13113,13.7146986682236,1.84141954255288,2.82035481226701
13115,25.3543925844428,2.07683716562088,1.18452324381782
13117,13.7146986682236,1.84141954255288,2.82035481226701
13121,13.7146986682236,1.84141954255288,2.82035481226701
13135,13.7146986682236,1.84141954255288,2.82035481226701
13139,29.2026863706866,2.32517781349786,1.79616825540256
13147,12.2718417123186,3.23698964720476,2.76036039031202
13149,13.7146986682236,1.84141954255288,2.82035481226701
13151,13.7146986682236,1.84141954255288,2.82035481226701
13153,3.29444379513864,1.15731411434326,10.6027431794392
13155,0.051771924205903,0.663679105184074,20.0157352407457
13157,21.4233712374831,2.86567062369693,2.22672194156298
13159,13.7146986682236,1.84141954255288,2.82035481226701
13161,0.0354459133949398,0.549919937987587,28.6695232325719
13163,1.70349654294137,1.90473829384277,14.6286869064379
13169,3.76908819450849,1.39623735696873,8.82159237413803
13171,13.7146986682236,1.84141954255288,2.82035481226701
13173,0.0509047885808386,0.550958257807709,28.3928607663838
13175,1.5733087562473,0.907610353295516,16.9074388481134
13177,1.65316925498482,1.0784189276577,12.8432084315879
13179,0.000135225041514088,0.141850365895806,34.6361327743467
13181,1.70349654294137,1.90473829384277,14.6286869064379
13183,0.051778250421327,8.45812051797967,35.7334663545641
13185,0.0624072649743338,0.606306718383583,27.3332150485157
13187,60.4565734593661,0.581294555684773,0.117591532916066
13189,1.70349654294137,1.90473829384277,14.6286869064379
13191,0.0255017032043177,11.3157083108631,39.3280496087421
13193,3.47853058250016,1.19915745803347,10.4323336958233
13195,12.2718417123186,3.23698964720476,2.76036039031202
13197,5.98846475590727,1.88793379355949,6.17329510353455
13199,13.7146986682236,1.84141954255288,2.82035481226701
13205,0.817814758796822,1.42405197524456,20.7315126345215
13207,3.76908819450849,1.39623735696873,8.82159237413803
13211,13.7146986682236,1.84141954255288,2.82035481226701
13213,35.1763257311765,1.84423502048606,0.728172369236674
13215,5.98846475590727,1.88793379355949,6.17329510353455
13217,13.7146986682236,1.84141954255288,2.82035481226701
13219,12.2718417123186,3.23698964720476,2.76036039031202
13221,12.2718417123186,3.23698964720476,2.76036039031202
13225,0.919142408656185,0.493876972735897,19.3329657874312
13227,52.3788601275207,0.338644878069519,0.363053697203101
13229,0.030539822454462,0.337267784611075,33.5499955435018
13233,21.0703496636471,1.95957562213259,1.40887891817607
13235,0.319473676005176,0.532794414844755,19.6728909525162
13237,3.76908819450849,1.39623735696873,8.82159237413803
13239,4.0472782304773,1.28264301362984,8.27529844304046
13241,78.5114440263552,0.880262548573499,0.145994545897902
13247,13.7146986682236,1.84141954255288,2.82035481226701
13251,0.202618748182474,0.63741410459504,34.376228496347
13253,0.368815867077271,5.68176901122626,29.1152675806582
13257,37.6485415799383,2.67441822139852,1.46128815500473
13261,3.47853058250016,1.19915745803347,10.4323336958233
13263,5.98846475590727,1.88793379355949,6.17329510353455
13267,0.119875948192951,0.735793842734383,29.3052176173525
13271,0.0260627906612795,0.532572596798904,27.3574247068634
13273,1.65316925498482,1.0784189276577,12.8432084315879
13275,0.3068367180847,2.4061310922833,23.1310584560408
13277,0.051771924205903,0.663679105184074,20.0157352407457
13279,0.343471180914618,0.550158057661985,25.9051372007457
13283,1.5733087562473,0.907610353295516,16.9074388481134
13285,11.1298533639708,2.02908395028928,3.68277093290216
13287,0.051771924205903,0.663679105184074,20.0157352407457
13289,4.59980027255624,0.431974796057012,16.507608277893
13291,70.3744714158895,0.73044642104691,0.120776981961743
13293,5.6641282298611,1.5451407896464,6.12222443227577
13295,33.2032619104168,1.94988064294888,0.927150211042297
13297,13.7146986682236,1.84141954255288,2.82035481226701
13299,0.031814831841101,0.353785553756555,27.0065972306131
13303,1.5733087562473,0.907610353295516,16.9074388481134
13305,0.142714825876675,0.603154721662743,38.3977833265582
13311,55.2113479984482,0.416663926898605,0.0984124687940418
13313,35.1763257311765,1.84423502048606,0.728172369236674
13315,0.113042435640715,0.652244667457395,20.0923228216017
13317,1.70349654294137,1.90473829384277,14.6286869064379
13319,1.5733087562473,0.907610353295516,16.9074388481134
13321,1.65316925498482,1.0784189276577,12.8432084315879
16019,44.987408065471,1.43806879440821,2.08097745229844
16035,72.3525582435299,0.505798800128418,1.45241720156579
17019,0.992795314683391,0.649343856408863,0.418875123538068
17031,0.285630302201394,33.1933955925185,2.25383302878856
17043,0.285630302201394,33.1933955925185,2.25383302878856
17089,0.285630302201394,33.1933955925185,2.25383302878856
17093,0.285630302201394,33.1933955925185,2.25383302878856
17097,0.264511994021478,66.2968312483175,2.72676316601211
17101,6.14380308933231,1.71755882715077,1.08504099276857
17105,1.37817063478923,1.26580032792366,0.893146001232178
17109,5.25888872522745,2.0376511390197,2.46271709288478
17111,0.285630302201394,33.1933955925185,2.25383302878856
17113,1.63465310398002,1.36478544699655,0.949544312965972
17117,11.3044824404545,2.73056834511297,2.88936942807408
17119,11.3044824404545,2.73056834511297,2.88936942807408
17183,5.37366406125379,4.29033169880421,0.356401086408829
17197,0.285630302201394,33.1933955925185,2.25383302878856
17201,2.61358794047526,1.85540662022917,2.91074005265189
18007,1.4073216768119,0.720555320187672,0.678180503021323
18015,1.4073216768119,0.720555320187672,0.678180503021323
18023,1.77633774939939,0.76162518138249,0.472046596939324
18085,0.355961360328173,6.72183892795542,8.99728008491442
18099,0.669624877472343,10.3796307126308,4.46791796598548
21003,21.9630965022811,1.30347195667335,0.708577209178538
21005,30.3519824859783,1.00694060809603,0.423226195496923
21007,8.69022061885019,4.18598180517821,4.84980865853587
21009,29.3629826265474,1.81315359994373,0.366322780370815
21011,41.2167440880835,0.6117625404076,0.0386202868680834
21015,30.7237160619366,3.79228650995755,0.316063372466601
21017,36.4663727045416,0.493007789066288,0.0617368097017699
21021,35.0042062877503,1.14451032024547,0.271960634980649
21023,18.8105309286479,1.18301927344547,0.16591354640012
21027,14.5275395740715,2.18271903348893,1.86335035232415
21029,23.3159419791058,1.28554729243777,0.472353171102254
21033,19.7876318282959,3.17604990048306,1.7694053015609
21035,11.2488732059473,3.90443600279109,5.06969618474171
21037,45.151355475354,4.79370659580827,0.411751124985659
21041,47.4975744649093,3.57302075873484,0.640143987934608
21047,19.7876318282959,3.17604990048306,1.7694053015609
21049,37.6995021892312,0.632610699972716,0.0675010729157014
21055,8.69022061885019,4.18598180517821,4.84980865853587
21059,14.5275395740715,2.18271903348893,1.86335035232415
21061,21.9630965022811,1.30347195667335,0.708577209178538
21065,38.9103295523189,0.413175187472707,0.0260811755678987
21067,39.2994457248697,0.792076438339808,0.083926901998468
21069,33.993063781621,0.186740809098076,0.0251229690206097
21073,30.3519824859783,1.00694060809603,0.423226195496923
21075,1.44506188292952,10.2664441173905,16.3124614722293
21077,45.4410135782648,4.32277350761033,0.454949608012168
21079,35.0042062877503,1.14451032024547,0.271960634980649
21081,54.0533585310788,0.478574634381294,0.0595225063490674
21085,24.2115707902957,1.28172282403944,0.578067434704309
21093,24.2115707902957,1.28172282403944,0.578067434704309
21099,24.2115707902957,1.28172282403944,0.578067434704309
21101,8.4142045840597,2.09139708101661,2.10618027012882
21103,23.3159419791058,1.28554729243777,0.472353171102254
21107,11.5282406757991,3.06693223259554,2.3422873655005
21111,23.3159419791058,1.28554729243777,0.472353171102254
21113,37.6995021892312,0.632610699972716,0.0675010729157014
21117,36.0618841768901,1.69064133804034,0.219112292017662
21123,24.2115707902957,1.28172282403944,0.578067434704309
21141,22.2253280214585,1.09455495441321,0.367196749989017
21143,18.1105290288316,0.866606143030597,0.790449081328932
21145,8.69022061885019,4.18598180517821,4.84980865853587
21151,42.2156136465452,0.451051501133036,0.0349525616936225
21179,24.9753496659076,1.12059908511258,0.440032376193461
21181,41.2167440880835,0.6117625404076,0.0386202868680834
21185,23.3159419791058,1.28554729243777,0.472353171102254
21191,19.9938838176903,1.26855967840901,0.174868940291957
21199,41.8845519500531,1.7188788215523,0.0211280524448024
21219,25.9463234038259,1.17494260565154,0.475006983162968
22061,1.22933373468922,2.52910845721594,16.1875937068411
22067,0.153142765904202,2.63061242436731,15.2839685416275
22073,1.18061217639413,2.15334792147934,18.8011085934177
22085,0.979734553519638,3.69497154570342,16.972566595894
23001,16.9506946840964,14.5482825358061,9.1417994786138
23003,8.79655698619677,2.28479934926173,12.2786517709606
23005,11.183330727214,17.8324359863313,9.81756484634891
23007,16.9506946840964,14.5482825358061,9.1417994786138
23011,13.3273111956626,18.646987379537,9.16342988169069
23013,13.3273111956626,18.646987379537,9.16342988169069
23015,11.183330727214,17.8324359863313,9.81756484634891
23019,7.41582561319998,15.2645191078547,12.9458553016873
23023,11.183330727214,17.8324359863313,9.81756484634891
23025,10.934638983777,9.14218716450542,12.2065431299588
23031,11.183330727214,17.8324359863313,9.81756484634891
24001,59.8275409514417,0.929093654525003,0.0241982444608206
24003,5.20081985837385,31.9915529024427,7.84886441648277
24005,9.19094608626408,11.2439013212563,6.47155614152079
24009,9.697403375127,43.3803237655767,6.15593514633935
24011,0.137095547913074,1.66842352899704,18.6614030973328
24013,9.19094608626408,11.2439013212563,6.47155614152079
24015,6.45538087128277,8.94938332406942,13.2756590914509
24017,5.93247777764106,27.3850309798155,10.7514647581847
24019,0.00674453731689758,18.3861851246231,28.4739931379314
24021,9.60751724086367,13.9813092522841,6.40988837828372
24023,61.0669035215316,0.968756458502975,0.189653389028277
24025,9.19094608626408,11.2439013212563,6.47155614152079
24027,9.19094608626408,11.2439013212563,6.47155614152079
24029,0.731414364654943,36.0433289676163,11.6613798142867
24031,9.60751724086367,13.9813092522841,6.40988837828372
24033,9.60751724086367,13.9813092522841,6.40988837828372
24035,0.123013129922217,30.7919517136884,12.5882969075325
24037,3.99697028670262,26.7770450452971,14.081256800462
24039,0.0215846371010268,8.74688293931322,32.1968522456361
24041,2.77877797321324,28.287354749454,15.2984662092533
24043,29.3114955597095,0.922300060436735,0.946658755942179
24045,0.0119641661559401,10.0917453249794,33.7868908689039
24047,0.00852327732987878,25.3612515324349,32.2206119929786
24510,9.19094608626408,11.2439013212563,6.47155614152079
25001,1.60496480426738,59.2435769885775,4.02873483670712
25003,29.0938114864768,2.28919964320216,7.19490913084464
25007,1.74486137063785,36.3141437709315,2.89033855530689
25009,5.33963501554834,21.330461062478,11.5111795084581
25011,21.7745255023252,3.50660257186813,8.86853925941109
25013,21.7745255023252,3.50660257186813,8.86853925941109
25015,21.7745255023252,3.50660257186813,8.86853925941109
25017,5.33963501554834,21.330461062478,11.5111795084581
25019,1.74486137063785,36.3141437709315,2.89033855530689
25021,5.33963501554834,21.330461062478,11.5111795084581
25025,5.33963501554834,21.330461062478,11.5111795084581
26001,1.23626675755073,58.2997267933933,8.55517430053634
26005,1.15961809504739,38.7429513102483,7.17956998668341
26007,1.83938498957609,9.67172301991663,13.6087308939324
26009,5.39679199266609,29.1149909165742,8.08398626261211
26013,5.40927828671776,17.2223746102753,18.8150252092749
26015,1.06115608215714,13.6772621022542,10.318333102042
26017,0.475765469074087,11.5829416386787,12.478308804216
26021,0.634206017110317,26.0374463874066,6.69798013565425
26023,0.255377365243939,2.59193460638042,15.3545088135498
26025,0.810385624714466,1.38810958856484,16.5162201235571
26037,1.00961558778388,1.84048460824943,12.2771819735435
26055,3.38834170518775,39.6910739575418,8.76714329536876
26069,0.475765469074087,11.5829416386787,12.478308804216
26077,1.06115608215714,13.6772621022542,10.318333102042
26081,1.26590921922098,19.2497627542977,9.57108103647117
26091,0.524883467554464,6.50869485655096,8.37228592796546
26093,1.32080726376597,3.07928220814683,17.1378256201651
26099,0.533095814476363,13.7661334733782,8.6919985380886
26103,16.8047982551799,2.42422430800502,3.34788067196748
26105,2.94367815520217,37.120403861667,8.37843815868225
26111,0.141856767743626,1.23756451418273,23.9141802289046
26115,0.208381080517413,33.8559150781631,4.54959599633395
26117,1.26590921922098,19.2497627542977,9.57108103647117
26119,0.647399609419004,5.25676657188616,41.5323051825308
26121,1.61325456057972,39.0448154553755,7.06737715468719
26123,1.26590921922098,19.2497627542977,9.57108103647117
26125,0.533095814476363,13.7661334733782,8.6919985380886
26139,1.26590921922098,19.2497627542977,9.57108103647117
26143,0.883342580393793,8.38427843570495,28.0691384346925
26145,0.455927622824585,8.96396788335862,12.3461452085898
26147,0.533095814476363,13.7661334733782,8.6919985380886
26149,0.816746003267418,2.61266459951654,13.8140772512164
26151,0.533095814476363,13.7661334733782,8.6919985380886
26153,1.00533655043175,39.6361254823378,26.5214219207339
26155,1.03189461970359,1.73507892713038,13.1488627483013
26161,0.591161552570189,8.44617381217012,9.2307505406825
27057,1.24211287626717,7.69728759233283,20.747552573038
33001,29.6439075643687,6.5243562318793,7.16746391047594
33003,5.33963501554834,21.330461062478,11.5111795084581
33005,31.3563171576,2.35375844621585,7.00693742076915
33007,34.6575235060356,3.70136649278153,5.51843715102458
33009,41.7548377068421,2.60829166064792,4.64974308531494
33013,24.5712369277415,6.53984336056942,8.55440394948469
33019,41.7548377068421,2.60829166064792,4.64974308531494
34001,0.0185829769144511,16.4713270587851,33.456403882479
34005,0.252201240719702,1.93855316891756,30.376428250951
34007,6.45538087128277,8.94938332406942,13.2756590914509
34009,0.0837168170035766,26.3975592749715,23.7094965427415
34011,0.137343599120955,6.69169382500412,31.9352149361933
34015,6.45538087128277,8.94938332406942,13.2756590914509
34021,7.08218414893665,8.30957220433369,12.1671748254126
34029,0.242739652431765,23.8870963462508,21.9860808455315
34033,0.233730053992863,10.0134035629039,29.6902443142124
34041,24.5867630328582,1.75274525210326,8.51430597343861
36001,33.533021332489,2.18386060966648,6.64448426195643
36003,31.5350637402452,3.75616383446612,3.08447154730602
36007,31.088087533662,1.97556107783139,3.52964046636912
36009,31.5350637402452,3.75616383446612,3.08447154730602
36011,12.4388780138208,17.1997605664544,5.94010091752118
36013,18.5931513506736,12.6025239098969,3.33482526401894
36015,31.4804677204877,2.32112838237828,2.50058496143324
36017,31.088087533662,1.97556107783139,3.52964046636912
36019,22.4935490352532,6.65504785070435,6.8622904505535
36021,31.0629452020578,2.16768867628475,6.70825320985419
36023,20.8163588959656,3.83324971537126,5.68339528399279
36025,31.088087533662,1.97556107783139,3.52964046636912
36027,27.9358200737185,6.7046593590202,6.44315175033155
36029,6.58417524896775,21.9196961856113,6.36880879295231
36031,38.0424109314476,3.16737429587338,5.87087144365558
36033,11.1093041535835,8.9346040261127,10.1164530005813
36035,29.7195464282657,2.82259630413182,6.23406022541117
36039,31.0629452020578,2.16768867628475,6.70825320985419
36041,38.0424109314476,3.16737429587338,5.87087144365558
36043,20.7742267570654,3.26159798523316,6.79702943694718
36045,5.13772476432047,1.36292512072289,8.87183685312222
36049,5.81352944012749,18.0098293934588,9.43143205759597
36053,11.182780138369,14.520490772607,6.86764349367962
36055,7.99185931797865,2.8048948837723,8.69025758515803
36057,31.9779680939039,2.45935171268747,6.35073441506366
36061,8.99847585111067,17.3487860852875,8.9116913220788
36063,3.79113309439054,1.69082557914165,11.1362429959089
36065,20.7742267570654,3.26159798523316,6.79702943694718
36067,11.182780138369,14.520490772607,6.86764349367962
36069,7.99185931797865,2.8048948837723,8.69025758515803
36071,27.9358200737185,6.7046593590202,6.44315175033155
36073,5.32275149422399,26.8206984218592,6.92065488263604
36075,10.0722708257542,9.94815833322464,8.297392206888
36077,30.9814440496238,1.45835818927444,4.55913009503326
36083,33.533021332489,2.18386060966648,6.64448426195643
36085,8.99847585111067,17.3487860852875,8.9116913220788
36089,5.2398775601558,6.48317771469218,12.7532623562717
36091,33.533021332489,2.18386060966648,6.64448426195643
36093,33.533021332489,2.18386060966648,6.64448426195643
36095,33.533021332489,2.18386060966648,6.64448426195643
36097,31.2579473434641,2.17456025505788,2.64671792441155
36101,31.2579473434641,2.17456025505788,2.64671792441155
36105,8.99847585111067,17.3487860852875,8.9116913220788
36107,31.088087533662,1.97556107783139,3.52964046636912
36109,21.6794513798086,3.68426097938419,3.79313525331444
36111,40.1655765816061,2.4613967280865,6.93604261779557
36113,38.0424109314476,3.16737429587338,5.87087144365558
36115,34.1558552060104,1.67427676659023,6.43640653177075
36121,31.5350637402452,3.75616383446612,3.08447154730602
37009,43.7889468772248,1.32069862327846,0.349350044462655
37013,0.0865079955039789,14.2015452797008,24.015270727397
37025,10.9262839776867,1.83429629792889,1.99687959976655
37031,0.0195802013931037,29.7799909251485,27.9794030529323
37035,35.8567776046117,1.46772267738498,0.551780312779262
37043,61.5966605177359,2.03274736175217,0.367865058823816
37045,26.4415306209973,1.36312572226598,1.13404411141548
37047,0.206481011756958,7.90586857540912,11.0950703158915
37049,0.0416806061599835,19.3899477711089,26.8514891534785
37051,1.58854712778814,1.15556155974308,18.0297919906395
37053,0.583691309963096,15.9677757172141,26.8061380660223
37055,0.0247700616145577,73.3187715938343,20.5692872313259
37057,22.4499150606723,1.50684101919136,0.527762502460156
37061,0.0407019391727952,1.09044459795884,21.6930610045924
37065,0.873428369946952,2.05699656324138,16.0278680334216
37067,22.4499150606723,1.50684101919136,0.527762502460156
37077,3.92012322628323,1.92621537286541,5.13767107461504
37081,14.8262231089183,1.51645544232038,0.965251856053496
37083,1.15903654947795,1.94710724596676,13.8353533378848
37105,3.44727201914191,1.55105887898952,9.35256862635906
37109,10.9262839776867,1.83429629792889,1.99687959976655
37113,61.5966605177359,2.03274736175217,0.367865058823816
37119,10.9262839776867,1.83429629792889,1.99687959976655
37123,2.99428673998929,1.08023058852109,15.0357015429937
37145,3.92012322628323,1.92621537286541,5.13767107461504
37149,29.5967871267251,2.10552372853152,1.5198575083788
37151,14.8262231089183,1.51645544232038,0.965251856053496
37157,14.8262231089183,1.51645544232038,0.965251856053496
37159,10.9262839776867,1.83429629792889,1.99687959976655
37161,36.8654428210097,1.21819785980633,0.986393415296669
37163,1.78461738556777,1.1968913635252,18.112242126943
37165,2.03312787535175,1.01320246807118,21.7658900052655
37167,5.18515738042853,1.75907217962743,4.28572198314159
37169,22.4499150606723,1.50684101919136,0.527762502460156
37181,3.48857523443091,1.95354346708947,6.66543139498858
37183,2.46103505269973,1.93821708069136,8.30484678944032
37185,2.46103505269973,1.93821708069136,8.30484678944032
37187,0.0234815278647464,4.21608515158965,23.3550984845493
37189,56.2807006739165,0.821827672357922,0.197483518177016
37191,0.494969720215439,1.118616004432,21.0011220482102
37193,43.7889468772248,1.32069862327846,0.349350044462655
37199,49.2116337369205,1.00846868824434,0.15099146590029
39003,0.333710962932893,0.812678253075366,0.580214647004205
39007,0.744383380222712,44.207010767942,3.28012508144956
39015,24.742909807833,1.73852201754426,0.173968752396808
39017,24.742909807833,1.73852201754426,0.173968752396808
39021,1.0772796877044,0.94931540873046,0.246315400533512
39023,2.43597399337964,1.020080934784,0.214739852377637
39025,24.742909807833,1.73852201754426,0.173968752396808
39029,22.0045060941475,2.21879065862137,1.57849314341378
39035,3.94846348319018,33.5007131795388,1.62899187080416
39037,2.0058264534759,0.847024463156517,0.285439700608883
39039,0.32015780973158,1.63777018424585,3.90797102458627
39041,14.1573645997179,0.909735539681429,0.214952162904729
39043,1.12555593513641,22.1781326667856,1.96526557585308
39045,14.1573645997179,0.909735539681429,0.214952162904729
39047,15.1993628654302,1.02284071998609,0.145908423598329
39049,14.1573645997179,0.909735539681429,0.214952162904729
39051,0.479957103194664,10.8551117568162,4.72123811251851
39053,51.8253730767003,2.13643270339178,0.111478748962004
39055,2.10349186254741,27.9867070639275,2.21438023175208
39057,4.42016890385437,1.08374049062709,0.191707903063652
39059,45.6786983762829,1.54551870612386,0.284937951011984
39061,24.742909807833,1.73852201754426,0.173968752396808
39063,0.350906437560249,6.1900468134016,1.22004259140525
39065,0.395191508544391,0.799383291208839,0.435346949711017
39067,31.5781250462663,1.40056337114257,0.954193643632944
39069,0.350906437560249,6.1900468134016,1.22004259140525
39071,24.742909807833,1.73852201754426,0.173968752396808
39073,56.1698898586952,0.354921692280556,0.0671634440277908
39077,2.4055037054482,19.4294690674847,1.66680536172975
39079,47.0898543466663,1.08927722561096,0.0741394076516982
39085,3.94846348319018,33.5007131795388,1.62899187080416
39089,14.1573645997179,0.909735539681429,0.214952162904729
39093,3.94846348319018,33.5007131795388,1.62899187080416
39095,0.364688371163312,41.0756350898554,2.58680109308061
39097,14.1573645997179,0.909735539681429,0.214952162904729
39099,17.8876174598624,5.03548362060298,1.83105525007747
39103,2.10349186254741,27.9867070639275,2.21438023175208
39113,4.42016890385437,1.08374049062709,0.191707903063652
39119,36.4983218435419,1.24132856709999,0.271207443614979
39123,0.479957103194664,10.8551117568162,4.72123811251851
39125,0.333239178347417,0.954353596284617,1.52725408013648
39127,33.6227470146442,1.07642879209144,0.20702296364947
39129,14.1573645997179,0.909735539681429,0.214952162904729
39131,46.2947768996352,0.679178352527561,0.00687035831287691
39133,12.1728020793583,15.1782286479071,1.84813438439446
39135,19.9938838176903,1.26855967840901,0.174868940291957
39137,0.333239178347417,0.954353596284617,1.52725408013648
39139,8.07824744846153,6.44242623720617,1.27557705945757
39141,28.952173207438,0.999783096350046,0.100641803225972
39143,0.378969654960058,21.8461345838889,1.76637374629723
39147,1.01576033793699,11.3944425816229,1.33044672816193
39149,0.711105258583878,0.800761272633599,0.290237771017941
39151,21.4365987519673,3.71186679435952,1.70937130949042
39153,12.1728020793583,15.1782286479071,1.84813438439446
39155,17.8876174598624,5.03548362060298,1.83105525007747
39157,31.5781250462663,1.40056337114257,0.954193643632944
39159,14.1573645997179,0.909735539681429,0.214952162904729
39161,0.333239178347417,0.954353596284617,1.52725408013648
39165,24.742909807833,1.73852201754426,0.173968752396808
39167,57.3326819803519,2.62771463510224,0.0183344575103152
39169,14.4595954598918,7.9079836391309,1.23358261211699
39171,0.240274415499811,0.7306430021251,6.90993025603726
39173,0.479957103194664,10.8551117568162,4.72123811251851
39175,0.350906437560249,6.1900468134016,1.22004259140525
40001,27.8589758778245,2.07238461242596,0.934929982928006
40009,2.5806489324784,0.490868086377696,0.249012325340566
40013,3.12490934993022,3.02928444916491,0.826512153049556
40017,1.11442407994925,1.39602905456863,0.0430110473073944
40019,1.79048661932761,2.77442081818737,0.221506788420978
40021,15.6761353183138,4.03390575004672,0.732379310891356
40023,3.59491246014152,2.57735288714276,5.48908073039892
40027,1.11442407994925,1.39602905456863,0.0430110473073944
40029,13.215326652834,3.78691590096996,0.750375951283967
40035,5.94511866642222,3.3343792566466,0.337476500401737
40037,5.94511866642222,3.3343792566466,0.337476500401737
40041,15.6761353183138,4.03390575004672,0.732379310891356
40045,2.90523376720197,0.775457276607458,0.352761194239459
40047,0.897312876901282,1.43126811121613,0.994250181930782
40051,1.11442407994925,1.39602905456863,0.0430110473073944
40053,0.897312876901282,1.43126811121613,0.994250181930782
40061,11.0268702806001,3.03538082926844,0.798339585272346
40065,1.95291574853042,0.735234414992797,0.236679613731304
40069,1.79048661932761,2.77442081818737,0.221506788420978
40071,1.13343913713939,5.7696086566529,5.8918875441492
40073,1.11442407994925,1.39602905456863,0.0430110473073944
40077,11.0268702806001,3.03538082926844,0.798339585272346
40079,24.5563000662181,2.66078417632872,1.11298646620904
40081,1.11442407994925,1.39602905456863,0.0430110473073944
40083,1.11442407994925,1.39602905456863,0.0430110473073944
40085,1.79048661932761,2.77442081818737,0.221506788420978
40087,1.11442407994925,1.39602905456863,0.0430110473073944
40089,2.78154039782812,2.70857286455089,9.17770129593052
40091,11.0268702806001,3.03538082926844,0.798339585272346
40097,15.6761353183138,4.03390575004672,0.732379310891356
40099,1.79048661932761,2.77442081818737,0.221506788420978
40101,11.8356070499271,4.06306565336435,0.705194808023647
40103,5.94511866642222,3.3343792566466,0.337476500401737
40105,5.94511866642222,3.3343792566466,0.337476500401737
40107,5.94511866642222,3.3343792566466,0.337476500401737
40109,1.11442407994925,1.39602905456863,0.0430110473073944
40111,5.94511866642222,3.3343792566466,0.337476500401737
40113,5.94511866642222,3.3343792566466,0.337476500401737
40115,8.14728332697749,1.95564456149705,1.33445954369851
40117,5.94511866642222,3.3343792566466,0.337476500401737
40119,2.06768223709521,1.9842228267136,0.889148019401313
40121,11.0268702806001,3.03538082926844,0.798339585272346
40123,3.57344930453165,2.34546630414736,0.231262977015716
40125,2.09516613417153,1.45734658213143,0.0568914391539323
40131,5.94511866642222,3.3343792566466,0.337476500401737
40133,3.57344930453165,2.34546630414736,0.231262977015716
40135,27.8589758778245,2.07238461242596,0.934929982928006
40137,1.86268802418227,1.47250032114242,0.0729757093664848
40143,5.94511866642222,3.3343792566466,0.337476500401737
40145,5.94511866642222,3.3343792566466,0.337476500401737
40147,4.50975362299675,2.69778437953653,1.05267143234112
40153,2.90523376720197,0.775457276607458,0.352761194239459
41003,51.0392854937579,3.98669390272168,2.05144720488776
41009,54.6272953585898,1.63020742753197,2.26619390833742
41019,73.0860893471382,2.84407598441484,1.37428045868046
41033,77.3165570799833,2.63340317756989,0.590110104782581
41039,67.127295001971,2.33233770185943,1.69797750839115
41051,54.6272953585898,1.63020742753197,2.26619390833742
41071,54.6272953585898,1.63020742753197,2.26619390833742
42001,23.4285699072193,2.38918343723571,1.32304573856175
42003,42.6704150806338,1.22630414509545,0.20149311779897
42005,42.6704150806338,1.22630414509545,0.20149311779897
42007,42.6704150806338,1.22630414509545,0.20149311779897
42009,39.757029623693,0.704547158550396,0.201275031337537
42011,17.7913762832559,2.94830015045676,2.84329052736905
42013,39.757029623693,0.704547158550396,0.201275031337537
42017,6.45538087128277,8.94938332406942,13.2756590914509
42029,6.45538087128277,8.94938332406942,13.2756590914509
42033,39.316427636858,0.808465423823627,0.827367191295087
42037,32.1157584981628,1.46803570447454,1.70177521827491
42039,10.9624542323985,17.8607314867872,2.93786570236046
42041,26.7276973447158,1.46480199056125,0.756895805757027
42043,26.7276973447158,1.46480199056125,0.756895805757027
42045,6.45538087128277,8.94938332406942,13.2756590914509
42049,4.68297288645214,1.71369095839325,7.54508623991073
42051,42.6704150806338,1.22630414509545,0.20149311779897
42077,16.5588226979655,1.81985424565782,5.57809461433017
42079,29.8938078565182,1.76901404640052,3.91577800098673
42081,40.9775455845893,1.10279511224936,1.09275526756516
42091,6.45538087128277,8.94938332406942,13.2756590914509
42101,6.45538087128277,8.94938332406942,13.2756590914509
42117,40.9775455845893,1.10279511224936,1.09275526756516
42121,21.3036362063702,4.91173932686005,2.60032803281968
42125,42.6704150806338,1.22630414509545,0.20149311779897
42127,8.99847585111067,17.3487860852875,8.9116913220788
42131,29.8938078565182,1.76901404640052,3.91577800098673
42133,19.7691730938638,4.11530524285767,1.78807572342783
44001,5.32584858167701,25.5134364794248,10.5475714403686
45001,6.57772347999388,3.54960940954954,3.61607063272609
45003,1.70349654294137,1.90473829384277,14.6286869064379
45007,29.5967871267251,2.10552372853152,1.5198575083788
45011,0.289924728955183,1.32790158500129,22.007872002634
45013,0.0273691009486985,14.3864284513674,38.9992623631132
45015,0.0645503945951164,9.24301288283947,38.6717467337288
45017,3.29244291180554,2.6146142522108,16.1174090674751
45019,0.0174716991057269,15.5894427616614,37.1313152027147
45023,10.9262839776867,1.83429629792889,1.99687959976655
45025,3.29244291180554,2.6146142522108,16.1174090674751
45027,1.89002534622748,3.25362735811703,25.6512254569062
45053,0.0273691009486985,14.3864284513674,38.9992623631132
45055,3.29244291180554,2.6146142522108,16.1174090674751
45057,10.9262839776867,1.83429629792889,1.99687959976655
45059,29.5967871267251,2.10552372853152,1.5198575083788
45063,3.29244291180554,2.6146142522108,16.1174090674751
45077,29.5967871267251,2.10552372853152,1.5198575083788
47001,59.3271968958748,2.43371378683932,0.315513315022445
47003,28.1301797719176,1.43309501916207,1.14318118823399
47007,33.2032619104168,1.94988064294888,0.927150211042297
47009,59.3271968958748,2.43371378683932,0.315513315022445
47011,41.0043500764327,1.9354614047266,0.584204091248589
47013,41.3609182427869,3.64525004567781,0.729447674731038
47017,8.65216291852659,2.32487740980178,8.883824169893
47019,49.2116337369205,1.00846868824434,0.15099146590029
47021,44.0652793316475,1.49149171173471,1.31133690357273
47023,8.65216291852659,2.32487740980178,8.883824169893
47027,25.9463234038259,1.17494260565154,0.475006983162968
47031,27.6877086752264,1.59501584703751,1.25474534109937
47033,8.65216291852659,2.32487740980178,8.883824169893
47035,42.3252288214066,2.45811294838992,0.501022712626479
47037,25.9463234038259,1.17494260565154,0.475006983162968
47039,8.65216291852659,2.32487740980178,8.883824169893
47041,31.3480720543425,2.06615981854605,0.733004448675774
47043,25.9463234038259,1.17494260565154,0.475006983162968
47045,1.52236346917308,3.4963192698809,11.702590361784
47047,2.61262438920619,3.10793106669139,10.4903270772221
47049,43.9458418278679,0.513403988079179,0.0667546556604134
47051,27.6877086752264,1.59501584703751,1.25474534109937
47053,8.65216291852659,2.32487740980178,8.883824169893
47055,23.1614078444577,2.36019285979008,3.76737046612559
47057,32.4788026734735,7.2002807183399,0.24050374954329
47059,68.9478683867458,1.3128523234882,0.134395485283863
47061,27.6877086752264,1.59501584703751,1.25474534109937
47063,36.0695536958775,7.75058158495489,0.211153386237635
47065,33.2032619104168,1.94988064294888,0.927150211042297
47067,32.4788026734735,7.2002807183399,0.24050374954329
47069,2.61262438920619,3.10793106669139,10.4903270772221
47071,14.4167258954233,1.87878071709714,6.44406257619257
47073,56.7408502499901,2.0026950080481,0.217011015870344
47075,3.42645827105101,2.21418106403164,9.45126356046217
47077,8.65216291852659,2.32487740980178,8.883824169893
47079,13.9362549720784,3.40761280035805,5.18647432073074
47081,25.9463234038259,1.17494260565154,0.475006983162968
47083,25.9463234038259,1.17494260565154,0.475006983162968
47085,39.0603092692372,5.74341108281648,2.1733506225687
47087,36.7494767806468,2.33011577522904,0.453826906242104
47089,33.2556879233824,6.92798630905989,0.293112563290622
47091,49.2116337369205,1.00846868824434,0.15099146590029
47093,59.3271968958748,2.43371378683932,0.315513315022445
47095,1.52236346917308,3.4963192698809,11.702590361784
47097,2.67982787856822,6.56748240776165,16.9580078894616
47099,25.5555157501776,2.24949699907618,2.41443882705983
47101,25.5555157501776,2.24949699907618,2.41443882705983
47103,27.6877086752264,1.59501584703751,1.25474534109937
47105,53.3575276568278,4.05621092096164,0.51051042922396
47109,14.4167258954233,1.87878071709714,6.44406257619257
47111,45.9958866598734,0.0309394867508575,0.0170282622975801
47113,8.65216291852659,2.32487740980178,8.883824169893
47115,33.2032619104168,1.94988064294888,0.927150211042297
47117,27.742152235804,1.64971442978718,1.32724222350424
47119,25.9463234038259,1.17494260565154,0.475006983162968
47121,33.2032619104168,1.94988064294888,0.927150211042297
47125,19.7876318282959,3.17604990048306,1.7694053015609
47127,27.6877086752264,1.59501584703751,1.25474534109937
47129,59.3271968958748,2.43371378683932,0.315513315022445
47131,7.47535497457825,1.34090395279307,12.2160382654552
47133,36.7494767806468,2.33011577522904,0.453826906242104
47135,25.5555157501776,2.24949699907618,2.41443882705983
47137,36.7494767806468,2.33011577522904,0.453826906242104
47139,41.0043500764327,1.9354614047266,0.584204091248589
47141,51.6567847992033,1.30086717500823,0.201669997431279
47143,38.2728923425184,2.09402016584875,0.713878978998293
47145,40.9417058574465,6.19165803603063,1.38108630181788
47147,25.9463234038259,1.17494260565154,0.475006983162968
47149,25.9463234038259,1.17494260565154,0.475006983162968
47151,41.3609182427869,3.64525004567781,0.729447674731038
47153,33.2032619104168,1.94988064294888,0.927150211042297
47155,65.4976697808873,2.14534408538019,0.278257261817507
47157,2.61262438920619,3.10793106669139,10.4903270772221
47159,25.9463234038259,1.17494260565154,0.475006983162968
47161,19.7876318282959,3.17604990048306,1.7694053015609
47163,55.6707446549368,1.97373317604065,0.15266643103925
47165,25.9463234038259,1.17494260565154,0.475006983162968
47167,2.61262438920619,3.10793106669139,10.4903270772221
47169,25.9463234038259,1.17494260565154,0.475006983162968
47171,49.2116337369205,1.00846868824434,0.15099146590029
47173,47.9382699776114,4.30298376496004,0.615345777896803
47175,33.2032619104168,1.94988064294888,0.927150211042297
47177,31.3480720543425,2.06615981854605,0.733004448675774
47179,45.0345686735075,0.93029500901523,0.134735955889138
47181,23.1614078444577,2.36019285979008,3.76737046612559
47183,5.83967562840608,4.47964030190217,7.39949611129368
47185,31.3480720543425,2.06615981854605,0.733004448675774
47187,25.9463234038259,1.17494260565154,0.475006983162968
47189,25.9463234038259,1.17494260565154,0.475006983162968
48005,1.45014830098136,3.32801436514169,13.0846334446345
48021,4.35239220782025,1.42463857109386,2.36224358556391
48029,6.91620896703022,0.501154594748278,1.6274956629254
48039,0.14210950327897,8.76111531800359,16.016998178124
48061,0.010131277951328,18.9640717167111,12.0033674570928
48085,0.791143797572516,8.21534882485235,3.37793584769227
48113,0.958306601622867,10.9884074992388,3.81731480273174
48121,0.791143797572516,8.21534882485235,3.37793584769227
48157,0.14210950327897,8.76111531800359,16.016998178124
48167,0.14210950327897,8.76111531800359,16.016998178124
48183,1.43903986351352,2.90773405169899,12.8358640490404
48201,0.14210950327897,8.76111531800359,16.016998178124
48221,1.38015926501534,8.53788933590775,1.65157657484404
48303,1.09635185207116,0.351282243528939,0.615774276897284
48339,0.14210950327897,8.76111531800359,16.016998178124
48439,0.958306601622867,10.9884074992388,3.81731480273174
48453,11.559153444137,3.30528277746947,1.77524321198132
49011,38.1604421850918,15.0939011668004,2.29812156968093
49035,41.460377812041,13.4537996702809,2.06489317890801
49049,52.6010348058589,4.58835455979559,1.04849218684461
49057,38.1604421850918,15.0939011668004,2.29812156968093
50001,38.0424109314476,3.16737429587338,5.87087144365558
50003,33.048024814109,2.67396075292001,6.73472495936112
50005,41.7548377068421,2.60829166064792,4.64974308531494
50007,30.648040290255,6.17187268380639,5.68888483110485
50011,30.648040290255,6.17187268380639,5.68888483110485
50015,41.151396495263,4.69843513337716,4.38108297228835
50017,41.7548377068421,2.60829166064792,4.64974308531494
50021,44.3369293965312,3.13250248875625,4.81424652521364
50023,41.151396495263,4.69843513337716,4.38108297228835
50025,31.3563171576,2.35375844621585,7.00693742076915
50027,41.7548377068421,2.60829166064792,4.64974308531494
51003,39.4988879476007,0.843016385296014,0.313482624753257
51013,9.60751724086367,13.9813092522841,6.40988837828372
51019,35.5008333347015,0.939707683884552,1.09648422004225
51041,4.73338274410359,5.60423956789214,9.25383184360781
51043,9.60751724086367,13.9813092522841,6.40988837828372
51059,9.60751724086367,13.9813092522841,6.40988837828372
51061,9.60751724086367,13.9813092522841,6.40988837828372
51085,4.73338274410359,5.60423956789214,9.25383184360781
51087,4.73338274410359,5.60423956789214,9.25383184360781
51093,0.365751472025398,17.6922752375475,17.1871356846409
51095,5.08040786829937,23.9611640951995,14.4376935760373
51099,10.0790142451732,21.3961520052254,12.5850073294719
51105,70.5254731352409,0.0962354534271265,0.0298798765388931
51107,9.60751724086367,13.9813092522841,6.40988837828372
51113,9.60751724086367,13.9813092522841,6.40988837828372
51119,2.50116492612998,42.9557149899457,8.57959562930677
51121,59.2206907703482,0.831965315642795,0.114957623312615
51125,59.6229105063422,0.967757381736594,0.0371096221659022
51139,29.8270553675117,0.834133445530559,2.0511685841654
51149,1.60372692095726,6.41784697162312,14.7743369104574
51153,9.60751724086367,13.9813092522841,6.40988837828372
51171,44.7698839621392,0.785515071659197,0.0150774454971837
51173,65.1811478559826,0.881537892244874,0.132030059289331
51175,0.157198694412029,0.626025995932796,23.0635433290675
51510,9.60751724086367,13.9813092522841,6.40988837828372
51550,0.104411257198151,3.24131839449979,46.6628736034631
51590,18.5406117032887,1.79766710400895,1.25501224468599
51600,9.60751724086367,13.9813092522841,6.40988837828372
51610,9.60751724086367,13.9813092522841,6.40988837828372
51630,9.60751724086367,13.9813092522841,6.40988837828372
51650,0.274866697454774,34.9504679024036,20.8925355170153
51670,4.46988105895895,13.858444373702,13.1762851122531
51680,35.5008333347015,0.939707683884552,1.09648422004225
51683,9.60751724086367,13.9813092522841,6.40988837828372
51685,9.60751724086367,13.9813092522841,6.40988837828372
51690,42.142714832636,0.620399685754072,0.236864553935998
51700,0.274866697454774,34.9504679024036,20.8925355170153
51710,0.274866697454774,34.9504679024036,20.8925355170153
51730,4.73338274410359,5.60423956789214,9.25383184360781
51735,0.583691309963096,15.9677757172141,26.8061380660223
51740,0.274866697454774,34.9504679024036,20.8925355170153
51760,4.73338274410359,5.60423956789214,9.25383184360781
51810,0.274866697454774,34.9504679024036,20.8925355170153
53077,42.9527572478904,1.16125084459883,1.42332260701775
54001,70.0804930423939,1.07562246068723,0.0443076317160592
54037,9.60751724086367,13.9813092522841,6.40988837828372
54039,81.4313469572628,1.03091453899032,0.0761650093791155
54055,73.3020508513145,0.190239389383601,0.00652579755158684
54057,43.2980577926529,0.915335572361595,0.265695803927136
54061,61.0669035215316,0.968756458502975,0.189653389028277
54063,24.1602553142987,0.0377898345345102,0.0269927389532216
54069,55.7625278268286,1.24702209347123,0.180415522321122
54071,43.5623677206295,0.223731380490415,0.0252067211896738
54073,28.3766597944659,4.38528175988155,0.0124991587104714
54077,55.3461090063064,0.70442546513774,0.33293152479028
54081,41.5403378094838,0.0985529917872507,0.0743058271411811
54099,40.5377345933715,9.8860979749565,0.0597798819347332
54107,32.2568441759877,4.34515631356355,0.0399131122249257
54109,76.5339421464479,0.115437293984236,0.0450285058465407
55021,9.25706649657118,2.19255267236604,7.10327967623575
55025,9.25706649657118,2.19255267236604,7.10327967623575
55059,0.314289315742932,61.3784221829983,2.75485705591969
55071,1.24620933565237,1.538329012664,13.1704943489836
55079,0.899257625132832,43.7551619638203,5.75643031262502
55127,2.84079649863089,10.2578347632648,6.11234675053073
55133,0.913713911166442,34.9038040510094,4.2650718663272
17115,1.34375967054679,10.0752483927528,1.07977790765634
26049,0.511337900719229,6.41686961654846,10.1700488163931
26163,0.571985785669424,13.8040963389413,8.81748479976942
01089,15.9114669430719,1.19160213170605,4.66362006923256
21019,67.7616410935824,1.85060145845885,0.00138505114301346
21043,71.6340664607706,0.348068045279201,0.00278252071080756
21071,76.556097290547,0.818751325912788,0.0669827782235781
21115,73.2603920904451,0.952522781715609,0.037035307843744
21125,18.7270756918973,0.118280983046392,0
21195,76.556097290547,0.818751325912788,0.0669827782235781
47029,56.0720322334899,3.38475598735275,0.202039960527063
34003,10.1931047028063,10.4056736757694,10.2831030448476
34013,10.1931047028063,10.4056736757694,10.2831030448476
34017,10.1931047028063,10.4056736757694,10.2831030448476
34019,10.1931047028063,10.4056736757694,10.2831030448476
34023,10.1931047028063,10.4056736757694,10.2831030448476
34025,10.1931047028063,10.4056736757694,10.2831030448476
34027,10.1931047028063,10.4056736757694,10.2831030448476
34031,10.1931047028063,10.4056736757694,10.2831030448476
34035,10.1931047028063,10.4056736757694,10.2831030448476
34037,10.1931047028063,10.4056736757694,10.2831030448476
34039,10.1931047028063,10.4056736757694,10.2831030448476
36005,10.1931047028063,10.4056736757694,10.2831030448476
36037,6.0634715240797,22.7890696318965,7.01285626232876
36047,8.99847585111067,17.3487860852875,8.9116913220788
36051,2.05474017895095,22.5763766512575,7.50205038950246
36059,10.1931047028063,10.4056736757694,10.2831030448476
36079,10.1931047028063,10.4056736757694,10.2831030448476
36081,8.99847585111067,17.3487860852875,8.9116913220788
36087,10.1931047028063,10.4056736757694,10.2831030448476
36099,12.1009781067027,18.33382388316,6.11553944919938
36103,10.1931047028063,10.4056736757694,10.2831030448476
36117,2.05474017895095,22.5763766512575,7.50205038950246
36119,10.1931047028063,10.4056736757694,10.2831030448476
36123,4.45038799784162,31.2380092540345,7.21269484686055
04005,23.2253595257424,0.143137216072242,0.38239895439333
04007,48.1291340238513,0.465901891970998,0.34137312969787
04009,43.5850104720793,0.0411424786246839,0.468817899061837
04013,32.3920176841849,0.51744174782158,0.83015666785628
04015,12.5463399308828,11.1091132218811,0.343886683718651
04017,29.588700441593,0.106468652780324,0.294072793112016
04019,29.9302942497381,0.0390457743502417,0.474847568446075
04021,32.3920176841849,0.51744174782158,0.83015666785628
04023,56.8012382161535,0.055990125563735,0.374960043565293
04025,44.7912019569164,0.142425544095672,0.265496189386744
08041,28.2509917129112,0.179108001991338,1.48743975016977
16001,47.2750862849612,0.859776353364459,0.440954088531995
32003,35.1831789598953,1.48483284630557,0.240630694018537
32005,57.7352751593237,2.75785329277491,0.928075642403783
32031,47.8562329941925,4.64343007889053,0.85090086956571
32510,45.8399496109731,20.0261126684843,1.00257534334814
09011,9.32697964094723,21.2237641918756,11.0941912112512
09015,9.77570652365943,1.54022228473082,16.2430227737199
23017,11.183330727214,17.8324359863313,9.81756484634891
25005,5.32584858167701,25.5134364794248,10.5475714403686
25023,5.57686971585601,6.31791975220272,15.0222641993534
25027,13.4634304329163,3.82499406284769,11.669831698043
33011,13.9102435541998,6.69266097992086,11.0858416106152
33015,5.88034783676596,13.5778742519921,12.9342404559935
33017,5.33963501554834,21.330461062478,11.5111795084581
44003,4.12582444436607,14.1043437302005,14.3348874284769
44005,5.32584858167701,25.5134364794248,10.5475714403686
44007,4.12582444436607,14.1043437302005,14.3348874284769
44009,1.97521421225863,42.1413426899806,10.0603040216444
06001,25.7152969980161,16.2264102475531,2.95643530954177
06007,47.3499433200527,1.25846938950692,1.697149537742
06013,26.0876591362406,23.8036520533946,4.17248454414719
06017,32.3261521743373,2.98469258343071,2.81064161946959
06019,45.7392876870286,0.648060242216838,0.720866157566067
06023,48.6553016844467,9.49780846661382,0.49395939002213
06025,19.9552202348666,4.99083611025185,0.734874774244674
06029,45.4337393506407,0.414065560905929,0.305990637595617
06031,30.9801728803115,0.52955309834205,0.268297540599668
06037,30.5008126081643,10.0656917274596,0.507948835052736
06047,14.1114295815719,1.38499013016937,6.32628044368577
06053,39.9531340466473,8.54961948513864,2.14848881195372
06055,29.748560771079,11.8621106581411,2.96149344173126
06057,57.6148756578964,3.62141588042437,0.725485210222415
06059,30.5008126081643,10.0656917274596,0.507948835052736
06061,32.3261521743373,2.98469258343071,2.81064161946959
06065,44.1651427580267,3.38700064234468,0.638519714755011
06067,32.3261521743373,2.98469258343071,2.81064161946959
06071,44.1651427580267,3.38700064234468,0.638519714755011
06073,32.3839043367559,8.704787078905,1.60360088112398
06077,30.0494305575616,5.59298756440663,2.8412720413303
06079,38.5508678375559,6.93123593513176,0.829341136311156
06083,67.685868861341,4.02477868330295,0.858345110042054
06085,37.2449511536497,13.2575283014701,1.34540810346175
06087,32.5184631663908,13.1397769997193,1.16275443706838
06089,64.8960664127988,1.0393232674357,0.482970457083354
06095,36.8091359109692,15.2365218338878,5.163947824306
06097,35.6957831835929,12.3400904692467,2.47321523784647
06099,34.9295960491075,2.41307091039221,2.2279593516375
06107,50.5415472299344,0.625745955458797,0.361942009241789
06111,68.6214861586472,2.6071839432767,0.819604132085182
06113,32.3261521743373,2.98469258343071,2.81064161946959
41005,50.6487893117089,1.01179804933336,0.997649510987639
41013,36.6156193712295,0.419749378203206,0.547281491234657
41015,45.1567762998847,13.6095418349812,0.747693483008932
41017,37.0643470359404,0.655633135262324,0.538783028927868
41027,51.1958277499772,1.43109125533675,1.14538182224773
41029,68.209339788828,1.41745364093911,0.923856559805468
41031,46.8256675612693,0.399048469744019,0.205415061959129
41035,31.0574675257438,1.97898646177621,2.37786192593815
41041,40.2069685715261,11.3921055711951,1.88455751743428
41045,47.3715341429881,0.978259838823065,0.377851765851148
41047,42.6248400988293,0.662208051986159,2.13797014946736
41053,42.6248400988293,0.662208051986159,2.13797014946736
41067,50.2804745571737,0.328917024391108,1.55367481691373
53011,53.5018700810832,1.66288715251443,2.19369986146204
53021,24.2961164470356,1.93972943716523,0.895161852674639
53033,27.0017255352231,17.5028437914587,2.67353019291288
53035,31.0412697806959,17.2491671266982,2.38015549091319
53053,33.5003383798904,15.413675269467,2.58360675145348
53057,19.1448217135689,2.26254071543546,4.89651098300565
53059,52.3816613096539,1.69891152974929,2.40943810174466
53061,33.5003383798904,15.413675269467,2.58360675145348
53063,36.0703781385986,2.2675041158403,1.78806352350502
53065,28.2082382209008,2.09667533202455,1.53919238694717
53067,12.1621789119323,7.66041474520326,4.9267034789111
53071,40.0344153042199,1.2193684017443,0.364436521322926
53073,61.598711593313,15.2720977388321,2.10115844771466
12023,0.0647327748008985,1.55794488868549,29.0035941264437
12047,0.0647327748008985,1.55794488868549,29.0035941264437
12051,0.010378657677948,7.95982573620827,41.1160896531889
12067,0.0334478704758847,0.276073502905336,42.4185383388912
12079,0.368815867077271,5.68176901122626,29.1152675806582
12081,0.00224006071882231,2.53293557153561,35.2667837212163
12105,0.317299880706296,5.58821953617954,32.7275319871371
12115,0.00224006071882231,2.53293557153561,35.2667837212163
12131,0.828803505363454,1.72738793326641,25.6464646005841
54045,92.0900961081322,0.330748195665862,0.00599858261036045
19021,1.1464010787679,1.23763547305451,1.20008599847766
19027,3.75544735738758,0.464383286876943,0.915497584197516
19067,0.426441692599543,1.49169789701082,1.37212028194036
19069,0.194861119576703,0.251436438777166,1.63651417827112
19071,4.40529351610136,1.26923093458064,1.77756759971397
19099,4.4806111627157,1.22857857965667,1.86835568586991
19113,3.36258348459682,1.05954421760552,3.26748744260762
19149,4.6842548505566,0.888927434286347,1.2180950655035
19153,1.85365167610552,3.19290608909684,4.01872754882351
19157,3.8788161306409,1.81887436598919,3.71623136340447
19187,4.37596849173554,1.09750543510952,1.00573157003772
20177,3.69295556271406,1.797879235946,1.00195008977506
27003,4.20160170497406,4.91176620803717,5.37393338705102
27019,3.12433219976555,7.98006049440153,3.78101334691143
27025,4.20160170497406,4.91176620803717,5.37393338705102
27037,3.86299715909469,5.2296457650512,5.37614780245352
27045,13.3658334351648,2.2439668513443,2.48402542450119
27049,11.3375334918734,5.74269450412496,2.51606075143051
27053,3.41939409025764,6.79897209282512,7.04356596412313
27059,3.47217614178981,7.52070186935034,6.08877026694409
27097,1.33115487641341,2.34938221801373,14.4531851375612
27099,3.54503628102343,1.09394542083949,1.81694180220335
27109,10.4662014853992,1.81015018094814,1.83211537562831
27123,3.86299715909469,5.2296457650512,5.37614780245352
27131,4.61981446612074,3.51156740031944,2.95943407114763
27139,3.86299715909469,5.2296457650512,5.37614780245352
27141,4.20160170497406,4.91176620803717,5.37393338705102
27163,3.41939409025764,6.79897209282512,7.04356596412313
27171,4.20160170497406,4.91176620803717,5.37393338705102
29023,6.60544910117021,1.51533741282939,5.82772132063575
29047,4.67385095775006,2.14744476777252,1.66941629878022
29095,4.67385095775006,2.14744476777252,1.66941629878022
29099,3.96176047632562,4.56666351398216,4.30936146674348
29159,7.47762361696015,2.70504345303341,2.44587526657316
29183,5.92455972420019,5.14361220789875,4.68892371472319
29189,6.09099760506622,5.09437294865718,4.57253816503752
29510,1.75670785507211,8.35580573052263,4.66436176347178
31055,3.92193302468631,4.2278790186764,3.58393875427187
31101,3.31237528842759,2.51849134050733,1.98966245552665
31109,1.87091031686802,1.50659986513434,1.72704916360131
31141,1.59152451360334,1.06665407891785,1.80911057236769
31153,4.76715396530527,1.48730748398419,2.0180664957926
31179,3.48842670038674,1.51951714335191,2.02442359234116
22051,0.00355101782824011,57.2224594939117,26.46747549546
22071,0.00291056257016535,55.1984585508684,20.7770464431122
22079,0.0667628626192579,3.15934719512775,3.35323785506971
22087,0.000426851478450911,74.4441976953636,21.5014831528316
22089,0.00578383503046423,55.8468020429572,22.133286494602
40011,2.58596269643883,1.463493147846,0.0207242223197757
40015,4.52084363777123,1.40579537757716,0.11361612356701
40031,4.52084363777123,1.40579537757716,0.11361612356701
40033,4.52084363777123,1.40579537757716,0.11361612356701
40039,3.22095819459859,0.142224607540588,0
40049,4.81608223439256,2.77958012898925,0.0181712458206135
40067,1.46903328469668,1.45095840885303,0.138855264337885
40093,4.29985109790841,0.76248924363956,0.56340056216242
40095,3.03117963517479,18.5615094793326,1.00680745068878
48141,16.1162183907907,0.153392536058643,0.000670421923333231
